{"errors":[],"warnings":[],"namedChunkGroups":{"app":{"chunks":[10,3],"assets":["webpack-runtime-e764987555dacf2ad4d4.js","webpack-runtime-e764987555dacf2ad4d4.js.map","app-c8d7e5b967361121e015.js","app-c8d7e5b967361121e015.js.map"],"children":{},"childAssets":{}},"component---src-pages-404-jsx":{"chunks":[0,1,4],"assets":["0-e2fac26da0510a89f3e6.js","0-e2fac26da0510a89f3e6.js.map","1.12158cc5cd84eacfa96d.css","1-22bbd425994dd6fe78ce.js","1-22bbd425994dd6fe78ce.js.map","component---src-pages-404-jsx.656cfac183433bbe31af.css","component---src-pages-404-jsx-2e246c35ff8d5cf89e1a.js","component---src-pages-404-jsx-2e246c35ff8d5cf89e1a.js.map"],"children":{},"childAssets":{}},"component---src-pages-contact-jsx":{"chunks":[0,1,5],"assets":["0-e2fac26da0510a89f3e6.js","0-e2fac26da0510a89f3e6.js.map","1.12158cc5cd84eacfa96d.css","1-22bbd425994dd6fe78ce.js","1-22bbd425994dd6fe78ce.js.map","component---src-pages-contact-jsx.8012ee04b628e9a0105b.css","component---src-pages-contact-jsx-1288e28c169136ca5470.js","component---src-pages-contact-jsx-1288e28c169136ca5470.js.map"],"children":{},"childAssets":{}},"component---src-pages-index-jsx":{"chunks":[0,1,2,6],"assets":["0-e2fac26da0510a89f3e6.js","0-e2fac26da0510a89f3e6.js.map","1.12158cc5cd84eacfa96d.css","1-22bbd425994dd6fe78ce.js","1-22bbd425994dd6fe78ce.js.map","2.59ea45b924af7c7c8582.css","2-3ba68f84bcb069a2a87d.js","2-3ba68f84bcb069a2a87d.js.map","component---src-pages-index-jsx-2cf42c2eebecf9d6fc34.js","component---src-pages-index-jsx-2cf42c2eebecf9d6fc34.js.map"],"children":{},"childAssets":{}},"component---src-pages-projects-asos-jsx":{"chunks":[0,1,2,7],"assets":["0-e2fac26da0510a89f3e6.js","0-e2fac26da0510a89f3e6.js.map","1.12158cc5cd84eacfa96d.css","1-22bbd425994dd6fe78ce.js","1-22bbd425994dd6fe78ce.js.map","2.59ea45b924af7c7c8582.css","2-3ba68f84bcb069a2a87d.js","2-3ba68f84bcb069a2a87d.js.map","component---src-pages-projects-asos-jsx.4ba713c54845b7aff958.css","component---src-pages-projects-asos-jsx-150e99720da1bd28d7cb.js","component---src-pages-projects-asos-jsx-150e99720da1bd28d7cb.js.map"],"children":{},"childAssets":{}},"component---src-pages-projects-beamly-jsx":{"chunks":[0,1,2,8],"assets":["0-e2fac26da0510a89f3e6.js","0-e2fac26da0510a89f3e6.js.map","1.12158cc5cd84eacfa96d.css","1-22bbd425994dd6fe78ce.js","1-22bbd425994dd6fe78ce.js.map","2.59ea45b924af7c7c8582.css","2-3ba68f84bcb069a2a87d.js","2-3ba68f84bcb069a2a87d.js.map","component---src-pages-projects-beamly-jsx.4ba713c54845b7aff958.css","component---src-pages-projects-beamly-jsx-828c5344eecd2a1ca583.js","component---src-pages-projects-beamly-jsx-828c5344eecd2a1ca583.js.map"],"children":{},"childAssets":{}},"component---src-pages-projects-immediate-media-jsx":{"chunks":[0,1,2,9],"assets":["0-e2fac26da0510a89f3e6.js","0-e2fac26da0510a89f3e6.js.map","1.12158cc5cd84eacfa96d.css","1-22bbd425994dd6fe78ce.js","1-22bbd425994dd6fe78ce.js.map","2.59ea45b924af7c7c8582.css","2-3ba68f84bcb069a2a87d.js","2-3ba68f84bcb069a2a87d.js.map","component---src-pages-projects-immediate-media-jsx.4ba713c54845b7aff958.css","component---src-pages-projects-immediate-media-jsx-3e4956cbc678dbe7528d.js","component---src-pages-projects-immediate-media-jsx-3e4956cbc678dbe7528d.js.map"],"children":{},"childAssets":{}}},"assetsByChunkName":{"app":["webpack-runtime-e764987555dacf2ad4d4.js","app-c8d7e5b967361121e015.js"],"component---src-pages-404-jsx":["0-e2fac26da0510a89f3e6.js","1.12158cc5cd84eacfa96d.css","1-22bbd425994dd6fe78ce.js","component---src-pages-404-jsx.656cfac183433bbe31af.css","component---src-pages-404-jsx-2e246c35ff8d5cf89e1a.js"],"component---src-pages-contact-jsx":["0-e2fac26da0510a89f3e6.js","1.12158cc5cd84eacfa96d.css","1-22bbd425994dd6fe78ce.js","component---src-pages-contact-jsx.8012ee04b628e9a0105b.css","component---src-pages-contact-jsx-1288e28c169136ca5470.js"],"component---src-pages-index-jsx":["0-e2fac26da0510a89f3e6.js","1.12158cc5cd84eacfa96d.css","1-22bbd425994dd6fe78ce.js","2.59ea45b924af7c7c8582.css","2-3ba68f84bcb069a2a87d.js","component---src-pages-index-jsx-2cf42c2eebecf9d6fc34.js"],"component---src-pages-projects-asos-jsx":["0-e2fac26da0510a89f3e6.js","1.12158cc5cd84eacfa96d.css","1-22bbd425994dd6fe78ce.js","2.59ea45b924af7c7c8582.css","2-3ba68f84bcb069a2a87d.js","component---src-pages-projects-asos-jsx.4ba713c54845b7aff958.css","component---src-pages-projects-asos-jsx-150e99720da1bd28d7cb.js"],"component---src-pages-projects-beamly-jsx":["0-e2fac26da0510a89f3e6.js","1.12158cc5cd84eacfa96d.css","1-22bbd425994dd6fe78ce.js","2.59ea45b924af7c7c8582.css","2-3ba68f84bcb069a2a87d.js","component---src-pages-projects-beamly-jsx.4ba713c54845b7aff958.css","component---src-pages-projects-beamly-jsx-828c5344eecd2a1ca583.js"],"component---src-pages-projects-immediate-media-jsx":["0-e2fac26da0510a89f3e6.js","1.12158cc5cd84eacfa96d.css","1-22bbd425994dd6fe78ce.js","2.59ea45b924af7c7c8582.css","2-3ba68f84bcb069a2a87d.js","component---src-pages-projects-immediate-media-jsx.4ba713c54845b7aff958.css","component---src-pages-projects-immediate-media-jsx-3e4956cbc678dbe7528d.js"]}}